{
  "period": "Nov 2023 - Oct 2024",
  "total_return_pct": 28.50118999999997,
  "annualized_return_pct": 25.7,
  "total_trades": 277,
  "win_rate_pct": 38.628158844765345,
  "sharpe_ratio": 1.61,
  "max_drawdown_pct": 0.13,
  "final_capital": 128501.18999999997,
  "commission_paid": 1939.0
}